name;username;password;email;operations
Mia;mia68;Mia@1234;mia@email.com;4
Root;root;Admin@1234;root@linuz.com;2
Mary;mary20;Mary@12345;mary20@gmail.com;2
sofia perez;sofiaaa;SOfiaaa1%;sofiaaa@hotmail.com;6
Li;Li;Li@12345678;li@gmail.com;0
patito;patito2;mia.1234A;mia1234@gmail.com;0
guillermo;guille;guille..GUILLE1;guille@icloud.com;0
aaaa;aaaa;Hola<1234;aaa@aaa.vvv;0
fran;fran021;Fran021-;fran021@fran.es;1
